"","lag","beta","se","p"
"1",0,-0.0151375554904869,0.00272650303719647,0
"2",1,-0.0217230707762871,0.00431462462353114,0
"3",2,-0.0360062286900841,0.0067524607455621,0
"4",3,-0.0515796459168523,0.00901735216138775,0
"5",4,-0.0628601971493127,0.0110576747651043,0
"6",5,-0.0738113837639905,0.012682133108209,0
