"","lag","beta","se","p"
"1",0,-0.00571681418078671,0.00106254329674577,0
"2",1,-0.00850432173760911,0.00188206727066063,0
"3",2,-0.0144941476569052,0.00296061420775519,0
"4",3,-0.0202741314502247,0.00387220624695644,0
"5",4,-0.0258096729308049,0.00468874131638207,0
"6",5,-0.0303212289621357,0.00550496104050634,0
